city
abadia de goias
abadia dos dourados
abadiania
abaete
abaetetuba
abaiara
abaira
abare
abatia
abdon batista
abel figueiredo
abelardo luz
abre campo
abreu e lima
abreulandia
acaiaca
acailandia
acajutiba
acara
acarape
acarau
acari
acaua
acegua
acopiara
acorizal
acre
acrelandia
acreuna
acu
acucena
adamantina
adelandia
adolfo
adrianopolis
adustina
afogados da ingazeira
afonso bezerra
afonso claudio
afonso cunha
afranio
afua
agrestina
agricolandia
agrolandia
agronomica
agua azul do norte
agua boa
agua branca
agua clara
agua comprida
agua doce
agua doce do maranhao
agua doce do norte
agua fria
agua fria de goias
agua limpa
agua nova
agua preta
agua santa
aguai
aguanil
aguas belas
aguas da prata
aguas de chapeco
aguas de lindoia
aguas de santa barbara
aguas de sao pedro
aguas formosas
aguas frias
aguas lindas de goias
aguas mornas
aguas vermelhas
agudo
agudos
agudos do sul
aguia branca
aguiar
aguiarnopolis
aimores
aiquara
aiuaba
aiuruoca
ajuricaba
alagoa
alagoa grande
alagoa nova
alagoas
alagoinha
alagoinha do piaui
alagoinhas
alambari
albertina
alcantara
alcantaras
alcantil
alcinopolis
alcobaca
aldeias altas
alecrim
alegre
alegrete
alegrete do piaui
alegria
alem paraiba
alenquer
alexandria
alexania
alfenas
alfredo chaves
alfredo marcondes
alfredo vasconcelos
alfredo wagner
algodao de jandaira
alhandra
alianca
alianca do tocantins
almadina
almas
almeirim
almenara
almino afonso
almirante tamandare
almirante tamandare do sul
aloandia
alpercata
alpestre
alpinopolis
alta floresta
alta floresta d'oeste
altair
altamira
altamira do maranhao
altamira do parana
altaneira
alterosa
altinho
altinopolis
alto alegre
alto alegre do maranhao
alto alegre do pindare
alto alegre dos parecis
alto araguaia
alto bela vista
alto boa vista
alto caparao
alto do rodrigues
alto feliz
alto garcas
alto horizonte
alto jequitiba
alto longa
alto paraguai
alto paraiso
alto paraiso de goias
alto parana
alto parnaiba
alto piquiri
alto rio doce
alto rio novo
alto santo
alto taquari
altonia
altos
aluminio
alvaraes
alvarenga
alvares florence
alvares machado
alvaro de carvalho
alvinlandia
alvinopolis
alvorada
alvorada d'oeste
alvorada de minas
alvorada do gurgueia
alvorada do norte
alvorada do sul
amajari
amambai
amapa
amapa do maranhao
amapora
amaraji
amaral ferrador
amaralina
amarante
amarante do maranhao
amargosa
amatura
amazonas
amelia rodrigues
america dourada
americana
americano do brasil
americo brasiliense
americo de campos
ametista do sul
amontada
amorinopolis
amparo
amparo de sao francisco
amparo do serra
ampere
anadia
anage
anahy
anajas
anajatuba
analandia
anama
ananas
ananindeua
anapolis
anapu
anapurus
anastacio
anaurilandia
anchieta
andarai
andira
andorinha
andradas
andradina
andre da rocha
andrelandia
angatuba
angelandia
angelica
angelim
angelina
angical
angical do piaui
angico
angicos
angra dos reis
anguera
angulo
anhanguera
anhembi
anhumas
anicuns
anisio de abreu
anita garibaldi
anitapolis
anori
anta gorda
antas
antonina
antonina do norte
antonio almeida
antonio cardoso
antonio carlos
antonio dias
antonio goncalves
antonio joao
antonio martins
antonio olinto
antonio prado
antonio prado de minas
aparecida
aparecida d'oeste
aparecida de goiania
aparecida do rio doce
aparecida do rio negro
aparecida do taboado
aperibe
apiaca
apiacas
apiai
apicum-acu
apiuna
apodi
apora
apore
apuarema
apucarana
apui
apuiares
aquidaba
aquidauana
aquiraz
arabuta
aracagi
aracai
aracaju
aracaju (state capital)
aracariguama
aracas
aracati
aracatu
aracatuba
araci
aracitaba
aracoiaba
aracoiaba da serra
aracruz
aracu
aracuai
aragarcas
aragoiania
aragominas
araguacema
araguacu
araguaiana
araguaina
araguainha
araguana
araguapaz
araguari
araguatins
araioses
aral moreira
aramari
arambare
arame
aramina
arandu
arantina
arapei
arapiraca
arapoema
araponga
arapongas
arapora
arapoti
arapua
araputanga
araquari
arara
ararangua
araraquara
araras
ararenda
arari
ararica
araripe
araripina
araruama
araruna
arataca
aratiba
aratuba
aratuipe
araua
araucaria
araujos
araxa
arceburgo
arco-iris
arcos
arcoverde
areado
areal
arealva
areia
areia branca
areia de baraunas
areial
areias
areiopolis
arenapolis
arenopolis
ares
argirita
aricanduva
arinos
aripuana
ariquemes
ariranha
ariranha do ivai
armacao dos buzios
armazem
arneiroz
aroazes
aroeiras
aroeiras do itaim
arraial
arraial do cabo
arraias
arroio do meio
arroio do padre
arroio do sal
arroio do tigre
arroio dos ratos
arroio grande
arroio trinta
artur nogueira
aruana
aruja
arvoredo
arvorezinha
ascurra
aspasia
assai
assare
assis
assis brasil
assis chateaubriand
assuncao
assuncao do piaui
astolfo dutra
astorga
atalaia
atalaia do norte
atalanta
ataleia
atibaia
atilio vivacqua
augustinopolis
augusto correa
augusto de lima
augusto pestana
augusto severo
aurea
aurelino leal
auriflama
aurilandia
aurora
aurora do para
aurora do tocantins
autazes
avai
avanhandava
avare
aveiro
avelino lopes
avelinopolis
axixa
axixa do tocantins
babaculandia
bacabal
bacabeira
bacuri
bacurituba
bady bassitt
baependi
bage
bagre
bahia
baia da traicao
baia formosa
baianopolis
baiao
baixa grande
baixa grande do ribeiro
baixio
baixo guandu
balbinos
baldim
baliza
balneario arroio do silva
balneario barra do sul
balneario camboriu
balneario gaivota
balneario pinhal
balsa nova
balsamo
balsas
bambui
banabuiu
bananal
bananeiras
bandeira
bandeira do sul
bandeirante
bandeirantes
bandeirantes do tocantins
bannach
banzae
barao
barao de antonina
barao de cocais
barao de cotegipe
barao de grajau
barao de melgaco
barao de monte alto
barao do triunfo
barauna
barbacena
barbalha
barbosa
barbosa ferraz
barcarena
barcelona
barcelos
bariri
barra
barra bonita
barra d'alcantara
barra da estiva
barra de guabiraba
barra de santa rosa
barra de santana
barra de santo antonio
barra de sao francisco
barra de sao miguel
barra do bugres
barra do chapeu
barra do choca
barra do corda
barra do garcas
barra do guarita
barra do jacare
barra do mendes
barra do ouro
barra do pirai
barra do quarai
barra do ribeiro
barra do rio azul
barra do rocha
barra do turvo
barra dos coqueiros
barra funda
barra longa
barra mansa
barra velha
barracao
barras
barreira
barreiras
barreiras do piaui
barreirinha
barreirinhas
barreiros
barretos
barrinha
barro
barro alto
barro duro
barrocas
barrolandia
barroquinha
barros cassal
barroso
barueri
bastos
bataguassu
batalha
batatais
bataypora
baturite
bauru
bayeux
bebedouro
beberibe
bela cruz
bela vista
bela vista da caroba
bela vista de goias
bela vista de minas
bela vista do maranhao
bela vista do paraiso
bela vista do piaui
bela vista do toldo
belagua
belem
belem (state capital)
belem de maria
belem de sao francisco
belem do brejo do cruz
belem do piaui
belford roxo
belmiro braga
belmonte
belo campo
belo horizonte
belo horizonte (state capital)
belo jardim
belo monte
belo oriente
belo vale
belterra
beneditinos
benedito leite
benedito novo
benevides
benjamin constant
benjamin constant do sul
bento de abreu
bento fernandes
bento goncalves
bequimao
berilo
berizal
bernardino batista
bernardino de campos
bernardo do mearim
bernardo sayao
bertioga
bertolinia
bertopolis
beruri
betania
betania do piaui
betim
bezerros
bias fortes
bicas
biguacu
bilac
biquinhas
birigui
biritiba-mirim
biritinga
bituruna
blumenau
boa esperanca
boa esperanca do iguacu
boa esperanca do sul
boa hora
boa nova
boa saude
boa ventura
boa ventura de sao roque
boa viagem
boa vista
boa vista (state capital)
boa vista da aparecida
boa vista das missoes
boa vista do burica
boa vista do cadeado
boa vista do gurupi
boa vista do incra
boa vista do ramos
boa vista do sul
boa vista do tupim
boca da mata
boca do acre
bocaina
bocaina de minas
bocaina do sul
bocaiuva
bocaiuva do sul
bodo
bodoco
bodoquena
bofete
boituva
bom conselho
bom despacho
bom jardim
bom jardim da serra
bom jardim de goias
bom jardim de minas
bom jesus
bom jesus da lapa
bom jesus da penha
bom jesus da serra
bom jesus das selvas
bom jesus de goias
bom jesus do amparo
bom jesus do araguaia
bom jesus do galho
bom jesus do itabapoana
bom jesus do norte
bom jesus do oeste
bom jesus do sul
bom jesus do tocantins
bom jesus dos perdoes
bom lugar
bom principio
bom principio do piaui
bom progresso
bom repouso
bom retiro
bom retiro do sul
bom sucesso
bom sucesso de itarare
bom sucesso do sul
bombinhas
bonfim
bonfim do piaui
bonfinopolis
bonfinopolis de minas
boninal
bonito
bonito de minas
bonito de santa fe
bonopolis
boqueirao
boqueirao do leao
boqueirao do piaui
boquim
boquira
bora
boraceia
borba
borborema
borda da mata
borebi
borrazopolis
bossoroca
botelhos
botucatu
botumirim
botupora
botuvera
bozano
braco do norte
braco do trombudo
braga
braganca
braganca paulista
braganey
branquinha
bras pires
brasil novo
brasilandia
brasilandia de minas
brasilandia do sul
brasilandia do tocantins
brasileia
brasileira
brasilia
brasilia de minas
brasnorte
brasopolis
brauna
braunas
brazabrantes
brejao
brejetuba
brejinho
brejinho de nazare
brejo
brejo alegre
brejo da madre de deus
brejo de areia
brejo do cruz
brejo do piaui
brejo dos santos
brejo grande
brejo grande do araguaia
brejo santo
brejoes
brejolandia
breu branco
breves
britania
brochier
brodowski
brotas
brotas de macaubas
brumadinho
brumado
brunopolis
brusque
bueno brandao
buenopolis
buenos aires
buerarema
bugre
buique
bujari
bujaru
buri
buritama
buriti
buriti alegre
buriti bravo
buriti de goias
buriti do tocantins
buriti dos lopes
buriti dos montes
buriticupu
buritinopolis
buritirama
buritirana
buritis
buritizal
buritizeiro
butia
caapiranga
caapora
caarapo
caatiba
cabaceiras
cabaceiras do paraguacu
cabeceira grande
cabeceiras
cabeceiras do piaui
cabedelo
cabixi
cabo de santo agostinho
cabo frio
cabo verde
cabralia paulista
cabreuva
cabrobo
cacador
cacapava
cacapava do sul
cacaulandia
cacequi
caceres
cachoeira
cachoeira alta
cachoeira da prata
cachoeira de goias
cachoeira de minas
cachoeira de pajeu
cachoeira do arari
cachoeira do piria
cachoeira do sul
cachoeira dos indios
cachoeira dourada
cachoeira grande
cachoeira paulista
cachoeiras de macacu
cachoeirinha
cachoeiro de itapemirim
cacimba de areia
cacimba de dentro
cacimbas
cacimbinhas
cacique doble
cacoal
caconde
cacu
cacule
caem
caetanopolis
caetanos
caete
caetes
caetite
cafarnaum
cafeara
cafelandia
cafezal do sul
caiabu
caiana
caiaponia
caibate
caibi
caicara
caicara do norte
caicara do rio do vento
caico
caieiras
cairu
caiua
cajamar
cajapio
cajari
cajati
cajazeiras
cajazeiras do piaui
cajazeirinhas
cajobi
cajueiro
cajueiro da praia
cajuri
cajuru
calcado
calcoene
caldas
caldas brandao
caldas novas
caldazinha
caldeirao grande
caldeirao grande do piaui
california
calmon
calumbi
camacan
camacari
camacho
camalau
camamu
camanducaia
camapua
camaqua
camaragibe
camargo
cambara
cambara do sul
cambe
cambira
camboriu
cambuci
cambui
cambuquira
cameta
camocim
camocim de sao felix
campanario
campanha
campestre
campestre da serra
campestre de goias
campestre do maranhao
campina da lagoa
campina das missoes
campina do monte alegre
campina do simao
campina grande
campina grande do sul
campina verde
campinacu
campinapolis
campinas
campinas do piaui
campinas do sul
campinorte
campo alegre
campo alegre de goias
campo alegre de lourdes
campo alegre do fidalgo
campo azul
campo belo
campo belo do sul
campo bom
campo bonito
campo de santana
campo do brito
campo do meio
campo do tenente
campo ere
campo florido
campo formoso
campo grande
campo grande (state capital)
campo grande do piaui
campo largo
campo largo do piaui
campo limpo de goias
campo limpo paulista
campo magro
campo maior
campo mourao
campo novo
campo novo de rondonia
campo novo do parecis
campo redondo
campo verde
campos altos
campos belos
campos borges
campos de julio
campos do jordao
campos dos goytacazes
campos gerais
campos lindos
campos novos
campos novos paulista
campos sales
campos verdes
camutanga
cana verde
canaa
canaa dos carajas
canabrava do norte
cananeia
canapi
canapolis
canarana
canas
canavieira
canavieiras
candeal
candeias
candeias do jamari
candelaria
candiba
candido de abreu
candido godoi
candido mendes
candido mota
candido rodrigues
candido sales
candiota
candoi
canela
canelinha
canguaretama
cangucu
canhoba
canhotinho
caninde
caninde de sao francisco
canitar
canoas
canoinhas
cansancao
canta
cantagalo
cantanhede
canto do buriti
canudos
canudos do vale
canutama
capanema
capao alto
capao bonito
capao bonito do sul
capao da canoa
capao do cipo
capao do leao
caparao
capela
capela de santana
capela do alto
capela do alto alegre
capela nova
capelinha
capetinga
capim
capim branco
capim grosso
capinopolis
capinzal
capinzal do norte
capistrano
capitao
capitao andrade
capitao de campos
capitao eneas
capitao gervasio oliveira
capitao leonidas marques
capitao poco
capitolio
capivari
capivari de baixo
capivari do sul
capixaba
capoeiras
caputira
caraa
caracarai
caracol
caraguatatuba
carai
caraibas
carambei
caranaiba
carandai
carangola
carapebus
carapicuiba
caratinga
carauari
caraubas
caraubas do piaui
caravelas
carazinho
carbonita
cardeal da silva
cardoso
cardoso moreira
careacu
careiro
careiro da varzea
cariacica
caridade
caridade do piaui
carinhanha
carira
carire
cariri do tocantins
caririacu
carius
carlinda
carlopolis
carlos barbosa
carlos chagas
carlos gomes
carmesia
carmo
carmo da cachoeira
carmo da mata
carmo de minas
carmo do cajuru
carmo do paranaiba
carmo do rio claro
carmo do rio verde
carmolandia
carmopolis
carmopolis de minas
carnaiba
carnauba dos dantas
carnaubais
carnaubal
carnaubeira da penha
carneirinho
carneiros
caroebe
carolina
carpina
carrancas
carrapateira
carrasco bonito
caruaru
carutapera
carvalhopolis
carvalhos
casa branca
casa grande
casa nova
casca
cascalho rico
cascavel
caseara
caseiros
casimiro de abreu
casinhas
casserengue
cassia
cassia dos coqueiros
cassilandia
castanhal
castanheira
castanheiras
castelandia
castelo
castelo do piaui
castilho
castro
castro alves
cataguases
catalao
catanduva
catanduvas
catarina
catas altas
catas altas da noruega
catende
catigua
catingueira
catolandia
catole do rocha
catu
catuipe
catuji
catunda
caturai
caturama
caturite
catuti
caucaia
cavalcante
caxambu
caxambu do sul
caxias
caxias do sul
caxingo
ceara
ceara-mirim
cedral
cedro
cedro de sao joao
cedro do abaete
celso ramos
centenario
centenario do sul
central
central de minas
central do maranhao
centralina
centro do guilherme
centro novo do maranhao
cerejeiras
ceres
cerqueira cesar
cerquilho
cerrito
cerro azul
cerro branco
cerro cora
cerro grande
cerro grande do sul
cerro largo
cerro negro
cesario lange
ceu azul
cezarina
cha de alegria
cha grande
cha preta
chacara
chale
chapada
chapada da natividade
chapada de areia
chapada do norte
chapada dos guimaraes
chapada gaucha
chapadao do ceu
chapadao do lageado
chapadao do sul
chapadinha
chapeco
charqueada
charqueadas
charrua
chaval
chavantes
chaves
chiador
chiapetta
chopinzinho
choro
chorozinho
chorrocho
chui
chupinguaia
chuvisca
cianorte
cicero dantas
cidade gaucha
cidade ocidental
cidelandia
cidreira
cipo
cipotanea
ciriaco
claraval
claro dos pocoes
claudia
claudio
clementina
clevelandia
coaraci
coari
cocal
cocal de telha
cocal do sul
cocal dos alves
cocalinho
cocalzinho de goias
cocos
codajas
codo
coelho neto
coimbra
coite do noia
coivaras
colares
colatina
colider
colina
colinas
colinas do sul
colinas do tocantins
colmeia
colniza
colombia
colombo
colonia do gurgueia
colonia do piaui
colonia leopoldina
colorado
colorado do oeste
coluna
combinado
comendador gomes
comendador levy gasparian
comercinho
comodoro
conceicao
conceicao da aparecida
conceicao da barra
conceicao da barra de minas
conceicao da feira
conceicao das alagoas
conceicao das pedras
conceicao de ipanema
conceicao de macabu
conceicao do almeida
conceicao do araguaia
conceicao do caninde
conceicao do castelo
conceicao do coite
conceicao do jacuipe
conceicao do lago-acu
conceicao do mato dentro
conceicao do para
conceicao do rio verde
conceicao do tocantins
conceicao dos ouros
conchal
conchas
concordia
concordia do para
condado
conde
condeuba
condor
conego marinho
confins
confresa
congo
congonhal
congonhas
congonhas do norte
congonhinhas
conquista
conquista d'oeste
conselheiro lafaiete
conselheiro mairinck
conselheiro pena
consolacao
constantina
contagem
contenda
contendas do sincora
coqueiral
coqueiro baixo
coqueiro seco
coqueiros do sul
coracao de jesus
coracao de maria
corbelia
cordeiro
cordeiropolis
cordeiros
cordilheira alta
cordisburgo
cordislandia
coreau
coremas
corguinho
coribe
corinto
cornelio procopio
coroaci
coroados
coroata
coromandel
coronel barros
coronel bicaco
coronel domingos soares
coronel ezequiel
coronel fabriciano
coronel freitas
coronel joao pessoa
coronel joao sa
coronel jose dias
coronel macedo
coronel martins
coronel murta
coronel pacheco
coronel pilar
coronel sapucaia
coronel vivida
coronel xavier chaves
corrego danta
corrego do bom jesus
corrego do ouro
corrego fundo
corrego novo
correia pinto
corrente
correntes
correntina
cortes
corumba
corumba de goias
corumbaiba
corumbatai
corumbatai do sul
corumbiara
corupa
coruripe
cosmopolis
cosmorama
costa marques
costa rica
cotegipe
cotia
cotipora
cotriguacu
couto de magalhaes
couto de magalhaes de minas
coxilha
coxim
coxixola
craibas
crateus
crato
cravinhos
cravolandia
criciuma
crisolita
crisopolis
crissiumal
cristais
cristais paulista
cristal
cristal do sul
cristalandia
cristalandia do piaui
cristalia
cristalina
cristiano otoni
cristianopolis
cristina
cristinapolis
cristino castro
cristopolis
crixas
crixas do tocantins
croata
crominia
crucilandia
cruz
cruz alta
cruz das almas
cruz do espirito santo
cruz machado
cruzalia
cruzaltense
cruzeiro
cruzeiro da fortaleza
cruzeiro do iguacu
cruzeiro do oeste
cruzeiro do sul
cruzeta
cruzilia
cruzmaltina
cubatao
cubati
cuiaba
cuiaba (state capital)
cuite
cuite de mamanguape
cuitegi
cujubim
cumari
cumaru
cumaru do norte
cumbe
cunha
cunha pora
cunhatai
cuparaque
cupira
curaca
curimata
curionopolis
curitiba
curitiba (state capital)
curitibanos
curiuva
currais
currais novos
curral de cima
curral de dentro
curral novo do piaui
curral velho
curralinho
curralinhos
curua
curuca
cururupu
curvelandia
curvelo
custodia
cutias
damianopolis
damiao
damolandia
darcinopolis
dario meira
datas
david canabarro
davinopolis
delfim moreira
delfinopolis
delmiro gouveia
delta
demerval lobao
denise
deodapolis
"deodoro, rio de janeiro"
deputado irapuan pinheiro
derrubadas
descalvado
descanso
descoberto
desterro
desterro de entre rios
desterro do melo
dezesseis de novembro
diadema
diamante
diamante d'oeste
diamante do norte
diamante do sul
diamantina
diamantino
dianopolis
dias d'avila
dilermando de aguiar
diogo de vasconcelos
dionisio
dionisio cerqueira
diorama
dirce reis
dirceu arcoverde
distrito federal
divina pastora
divinesia
divino
divino das laranjeiras
divino de sao lourenco
divinolandia
divinolandia de minas
divinopolis
divinopolis de goias
divinopolis do tocantins
divisa alegre
divisa nova
divisopolis
dobrada
dois corregos
dois irmaos
dois irmaos das missoes
dois irmaos do buriti
dois irmaos do tocantins
dois lajeados
dois riachos
dois vizinhos
dolcinopolis
dom aquino
dom basilio
dom bosco
dom cavati
dom eliseu
dom expedito lopes
dom feliciano
dom inocencio
dom joaquim
dom macedo costa
dom pedrito
dom pedro
dom pedro de alcantara
dom silverio
dom vicoso
domingos martins
domingos mourao
dona emma
dona eusebia
dona francisca
dona ines
dores de campos
dores de guanhaes
dores do indaia
dores do rio preto
dores do turvo
doresopolis
dormentes
douradina
dourado
douradoquara
dourados
doutor camargo
doutor mauricio cardoso
doutor pedrinho
doutor ricardo
doutor severiano
doutor ulysses
doverlandia
dracena
duartina
duas barras
duas estradas
duere
dumont
duque bacelar
duque de caxias
durande
echapora
ecoporanga
edealina
edeia
eirunepe
eldorado
eldorado do sul
eldorado dos carajas
elesbao veloso
elias fausto
eliseu martins
elisiario
elisio medrado
eloi mendes
emas
embauba
embu
embu das artes
embu-guacu
emilianopolis
encantado
encanto
encruzilhada
encruzilhada do sul
eneas marques
engenheiro beltrao
engenheiro caldas
engenheiro coelho
engenheiro navarro
engenheiro paulo de frontin
engenho velho
entre folhas
entre rios
entre rios de minas
entre rios do oeste
entre rios do sul
entre-ijuis
envira
epitaciolandia
equador
erebango
erechim
erere
erico cardoso
ermo
ernestina
erval grande
erval seco
erval velho
ervalia
escada
esmeralda
esmeraldas
espera feliz
esperanca
esperanca do sul
esperanca nova
esperantina
esperantinopolis
espigao alto do iguacu
espigao d'oeste
espinosa
espirito santo
espirito santo do dourado
espirito santo do pinhal
espirito santo do turvo
esplanada
espumoso
estacao
estancia
estancia velha
esteio
estiva
estiva gerbi
estreito
estrela
estrela d'oeste
estrela dalva
estrela de alagoas
estrela do indaia
estrela do norte
estrela do sul
estrela velha
euclides da cunha
euclides da cunha paulista
eugenio de castro
eugenopolis
eunapolis
eusebio
ewbank da camara
extrema
extremoz
exu
fagundes
fagundes varela
faina
fama
faria lemos
farias brito
faro
farol
farroupilha
fartura
fartura do piaui
fatima
fatima do sul
faxinal
faxinal do soturno
faxinal dos guedes
faxinalzinho
fazenda nova
fazenda rio grande
fazenda vilanova
feijo
feira da mata
feira de santana
feira grande
feira nova
feira nova do maranhao
felicio dos santos
felipe guerra
felisburgo
felixlandia
feliz
feliz deserto
feliz natal
fenix
fernandes pinheiro
fernandes tourinho
fernando de noronha
fernando falcao
fernando pedroza
fernando prestes
fernandopolis
fernao
ferraz de vasconcelos
ferreira gomes
ferreiros
ferros
fervedouro
figueira
figueirao
figueiropolis
figueiropolis d'oeste
filadelfia
firmino alves
firminopolis
flexeiras
flor da serra do sul
flor do sertao
flora rica
florai
florania
floreal
flores
flores da cunha
flores de goias
flores do piaui
floresta
floresta azul
floresta do araguaia
floresta do piaui
florestal
florestopolis
floriano
floriano peixoto
florianopolis
florianopolis (state capital)
florida
florida paulista
florinia
fonte boa
fontoura xavier
formiga
formigueiro
formosa
formosa da serra negra
formosa do oeste
formosa do rio preto
formosa do sul
formoso
formoso do araguaia
forquetinha
forquilha
forquilhinha
fortaleza
fortaleza (state capital)
fortaleza de minas
fortaleza do tabocao
fortaleza dos nogueiras
fortaleza dos valos
fortim
fortuna
fortuna de minas
foz do iguacu
foz do jordao
fraiburgo
franca
francinopolis
francisco alves
francisco ayres
francisco badaro
francisco beltrao
francisco dantas
francisco dumont
francisco macedo
francisco morato
francisco sa
francisco santos
franciscopolis
franco da rocha
frecheirinha
frederico westphalen
frei gaspar
frei inocencio
frei lagonegro
frei martinho
frei miguelinho
frei paulo
frei rogerio
fronteira
fronteira dos vales
fronteiras
fruta de leite
frutal
frutuoso gomes
fundao
funilandia
gabriel monteiro
gado bravo
galia
galileia
galinhos
galvao
gameleira
gameleira de goias
gameleiras
gandu
garanhuns
gararu
garca
garibaldi
garopaba
garrafao do norte
garruchos
garuva
gaspar
gastao vidigal
gaucha do norte
gaurama
gaviao
gaviao peixoto
geminiano
general camara
general carneiro
general maynard
general salgado
general sampaio
gentil
gentio do ouro
getulina
getulio vargas
gilbues
girau do ponciano
girua
glaucilandia
glicerio
gloria
gloria d'oeste
gloria de dourados
gloria do goita
glorinha
godofredo viana
godoy moreira
goiabeira
goiana
goianapolis
goiandira
goianesia
goianesia do para
goiania
goiania (state capital)
goianinha
goianira
goianorte
goias
goiatins
goiatuba
goioere
goioxim
goncalves
goncalves dias
gongogi
gonzaga
gouveia
gouvelandia
governador archer
governador celso ramos
governador dix-sept rosado
governador edison lobao
governador eugenio barros
governador jorge teixeira
governador lindenberg
governador lomanto junior
governador luiz rocha
governador mangabeira
governador newton bello
governador nunes freire
governador valadares
graca
graca aranha
gracho cardoso
grajau
gramado
gramado dos loureiros
gramado xavier
grandes rios
granito
granja
granjeiro
grao mogol
grao para
gravata
gravatai
gravatal
groairas
grossos
grupiara
guabiju
guabiruba
guacui
guadalupe
guaiba
guaicara
guaimbe
guaira
guairaca
guaiuba
guajara
guajara-mirim
guajeru
guamare
guamiranga
guanambi
guanhaes
guape
guapiacu
guapiara
guapimirim
guapirama
guapo
guapore
guaporema
guara
guarabira
guaracai
guaraci
guaraciaba
guaraciaba do norte
guaraciama
guarai
guaraita
guaramiranga
guaramirim
guaranesia
guarani
guarani d'oeste
guarani das missoes
guarani de goias
guaraniacu
guaranta
guaranta do norte
guarapari
guarapuava
guaraquecaba
guarara
guararapes
guararema
guaratinga
guaratingueta
guaratuba
guarda-mor
guarei
guariba
guaribas
guarinos
guaruja
guaruja do sul
guarulhos
guatambu
guatapara
guaxupe
guia lopes da laguna
guidoval
guimaraes
guimarania
guiratinga
guiricema
gurinhata
gurinhem
gurjao
gurupa
gurupi
guzolandia
harmonia
heitorai
heliodora
heliopolis
herculandia
herval
herval d'oeste
herveiras
hidrolandia
hidrolina
holambra
honorio serpa
horizonte
horizontina
hortolandia
hugo napoleao
hulha negra
humaita
humberto de campos
iacanga
iaciara
iacri
iacu
iapu
iaras
iati
ibaiti
ibarama
ibaretama
ibate
ibateguara
ibatiba
ibema
ibertioga
ibia
ibiaca
ibiai
ibiam
ibiapina
ibiara
ibiassuce
ibicarai
ibicare
ibicoara
ibicui
ibicuitinga
ibimirim
ibipeba
ibipitanga
ibipora
ibiquera
ibira
ibiracatu
ibiraci
ibiracu
ibiraiaras
ibirajuba
ibirama
ibirapitanga
ibirapua
ibirapuita
ibirarema
ibirataia
ibirite
ibiruba
ibitiara
ibitinga
ibitirama
ibitita
ibitiura de minas
ibituruna
ibiuna
ibotirama
icapui
icara
icarai de minas
icaraima
icatu
icem
ichu
ico
iconha
ielmo marinho
iepe
igaci
igapora
igaracu do tiete
igaracy
igarapava
igarape
igarape do meio
igarape grande
igarape-acu
igarape-miri
igarassu
igarata
igaratinga
igrapiuna
igreja nova
igrejinha
iguaba grande
iguai
iguape
iguaraci
iguaracu
iguatama
iguatemi
iguatu
ijaci
ijui
ilha comprida
ilha das flores
ilha grande
ilha solteira
ilhabela
ilheus
ilhota
ilicinea
ilopolis
imaculada
imarui
imbau
imbe
imbe de minas
imbituba
imbituva
imbuia
imigrante
imperatriz
inacio martins
inaciolandia
inaja
inconfidentes
indaiabira
indaial
indaiatuba
independencia
indiana
indianopolis
indiapora
indiara
indiaroba
indiavai
inga
ingai
ingazeira
inhacora
inhambupe
inhangapi
inhapi
inhapim
inhauma
inhuma
inhumas
inimutaba
inocencia
inubia paulista
iomere
ipaba
ipameri
ipanema
ipanguacu
ipaporanga
ipatinga
ipaumirim
ipaussu
ipe
ipecaeta
ipero
ipeuna
ipiacu
ipiau
ipigua
ipira
ipiranga
ipiranga de goias
ipiranga do norte
ipiranga do piaui
ipiranga do sul
ipixuna
ipixuna do para
ipojuca
ipora
ipora do oeste
iporanga
ipu
ipua
ipuacu
ipubi
ipueira
ipueiras
ipuiuna
ipumirim
ipupiara
iracema
iracema do oeste
iracemapolis
iraceminha
irai
irai de minas
irajuba
iramaia
iranduba
irani
irapua
irapuru
iraquara
irara
irati
iraucuba
irece
iretama
irineopolis
irituia
irupi
isaias coelho
israelandia
ita
itaara
itabaiana
itabaianinha
itabela
itabera
itaberaba
itaberai
itabi
itabira
itabirinha de mantena
itabirito
itaborai
itabuna
itacaja
itacambira
itacarambi
itacare
itacoatiara
itacuruba
itacurubi
itaete
itagi
itagiba
itagimirim
itaguacu
itaguacu da bahia
itaguai
itaguaje
itaguara
itaguari
itaguaru
itaguatins
itai
itaiba
itaicaba
itainopolis
itaiopolis
itaipava do grajau
itaipe
itaipulandia
itaitinga
itaituba
itaja
itajai
itajobi
itaju
itaju do colonia
itajuba
itajuipe
italva
itamaraca
itamaraju
itamarandiba
itamarati
itamarati de minas
itamari
itambacuri
itambaraca
itambe
itambe do mato dentro
itamogi
itamonte
itanagra
itanhaem
itanhandu
itanhanga
itanhem
itanhomi
itaobim
itaoca
itaocara
itapaci
itapage
itapagipe
itaparica
itape
itapebi
itapecerica
itapecerica da serra
itapecuru mirim
itapejara d'oeste
itapema
itapemirim
itaperucu
itaperuna
itapetim
itapetinga
itapetininga
itapeva
itapevi
itapicuru
itapipoca
itapira
itapiranga
itapirapua
itapirapua paulista
itapiratins
itapissuma
itapitanga
itapiuna
itapoa
itapolis
itapora
itapora do tocantins
itaporanga
itaporanga d'ajuda
itapororoca
itapua do oeste
itapuca
itapui
itapura
itapuranga
itaquaquecetuba
itaquara
itaqui
itaquirai
itaquitinga
itarana
itarantim
itarare
itarema
itariri
itaruma
itati
itatiaia
itatiaiucu
itatiba
itatiba do sul
itatim
itatinga
itatira
itatuba
itau
itau de minas
itauba
itaubal
itaucu
itaueira
itauna
itauna do sul
itaverava
itinga
itinga do maranhao
itiquira
itirapina
itirapua
itirucu
itiuba
itobi
itororo
itu
ituacu
itubera
itueta
ituiutaba
itumbiara
itumirim
itupeva
itupiranga
ituporanga
iturama
itutinga
ituverava
iuiu
iuna
ivai
ivaipora
ivate
ivatuba
ivinhema
ivolandia
ivora
ivoti
jaboatao dos guararapes
jabora
jaborandi
jaboti
jaboticaba
jaboticabal
jaboticatubas
jacana
jacaraci
jacarau
jacare dos homens
jacareacanga
jacarei
jacarezinho
jaci
jaciara
jacinto
jacinto machado
jacobina
jacobina do piaui
jacui
jacuipe
jacuizinho
jacunda
jacupiranga
jacutinga
jaguapita
jaguaquara
jaguaracu
jaguarao
jaguarari
jaguare
jaguaretama
jaguari
jaguariaiva
jaguaribara
jaguaribe
jaguaripe
jaguariuna
jaguaruana
jaguaruna
jaiba
jaicos
jales
jambeiro
jampruca
janauba
jandaia
jandaia do sul
jandaira
jandira
janduis
jangada
janiopolis
januaria
japaraiba
japaratinga
japaratuba
japeri
japi
japira
japoata
japonvar
japora
japura
jaqueira
jaquirana
jaragua
jaragua do sul
jaraguari
jaramataia
jardim
jardim alegre
jardim de angicos
jardim de piranhas
jardim do mulato
jardim do serido
jardim olinda
jardinopolis
jari
jarinu
jaru
jatai
jataizinho
jatauba
jatei
jati
jatoba
jatoba do piaui
jau
jau do tocantins
jaupaci
jauru
jeceaba
jenipapo de minas
jenipapo dos vieiras
jequeri
jequia da praia
jequie
jequitai
jequitiba
jequitinhonha
jeremoabo
jerico
jeriquara
jeronimo monteiro
jerumenha
jesuania
jesuitas
jesupolis
ji-parana
jijoca de jericoacoara
jiquirica
jitauna
joacaba
joaima
joanesia
joanopolis
joao alfredo
joao camara
joao costa
joao dias
joao dourado
joao lisboa
joao monlevade
joao neiva
joao pessoa
joao pessoa (state capital)
joao pinheiro
joao ramalho
joaquim felicio
joaquim gomes
joaquim nabuco
joaquim pires
joaquim tavora
joca marques
joia
joinville
jordania
jordao
jose boiteux
jose bonifacio
jose da penha
jose de freitas
jose goncalves de minas
jose raydan
joselandia
josenopolis
joviania
juara
juarez tavora
juarina
juatuba
juazeirinho
juazeiro
juazeiro do norte
juazeiro do piaui
jucas
jucati
jucurucu
jucurutu
juina
juiz de fora
julio borges
julio de castilhos
julio mesquita
jumirim
junco do maranhao
junco do serido
jundia
jundiai
jundiai do sul
junqueiro
junqueiropolis
jupi
jupia
juquia
juquitiba
juramento
juranda
jurema
juripiranga
juru
jurua
juruaia
juruena
juruti
juscimeira
jussara
jussari
jussiape
jutai
juti
juvenilia
kalore
labrea
lacerdopolis
ladainha
ladario
lafaiete coutinho
lagamar
lagarto
lages
lago da pedra
lago do junco
lago dos rodrigues
lago verde
lagoa
lagoa alegre
lagoa bonita do sul
lagoa d'anta
lagoa da canoa
lagoa da confusao
lagoa da prata
lagoa de dentro
lagoa de pedras
lagoa de sao francisco
lagoa de velhos
lagoa do barro do piaui
lagoa do carro
lagoa do itaenga
lagoa do mato
lagoa do ouro
lagoa do piaui
lagoa do sitio
lagoa do tocantins
lagoa dos gatos
lagoa dos patos
lagoa dos tres cantos
lagoa dourada
lagoa formosa
lagoa grande
lagoa grande do maranhao
lagoa nova
lagoa real
lagoa salgada
lagoa santa
lagoa seca
lagoa vermelha
lagoao
lagoinha
lagoinha do piaui
laguna
laguna carapa
laje
laje do muriae
lajeado
lajeado do bugre
lajeado grande
lajeado novo
lajedao
lajedinho
lajedo
lajedo do tabocal
lajes
lajes pintadas
lajinha
lamarao
lambari
lambari d'oeste
lamim
landri sales
lapa
lapao
laranja da terra
laranjal
laranjal do jari
laranjal paulista
laranjeiras
laranjeiras do sul
lassance
lastro
laurentino
lauro de freitas
lauro muller
lavandeira
lavinia
lavras
lavras da mangabeira
lavras do sul
lavrinhas
leandro ferreira
lebon regis
leme
leme do prado
lencois
lencois paulista
leoberto leal
leopoldina
leopoldo de bulhoes
leopolis
liberato salzano
liberdade
licinio de almeida
lidianopolis
lima campos
lima duarte
limeira
limeira do oeste
limoeiro
limoeiro de anadia
limoeiro do ajuru
limoeiro do norte
lindoeste
lindoia
lindoia do sul
lindolfo collor
linha nova
linhares
lins
livramento
livramento de nossa senhora
lizarda
loanda
lobato
logradouro
londrina
lontra
lontras
lorena
loreto
lourdes
louveira
lucas do rio verde
lucelia
lucena
lucianopolis
luciara
lucrecia
luis antonio
luis correia
luis domingues
luis eduardo magalhaes
luis gomes
luisburgo
luislandia
luiz alves
luiziana
luiziania
luminarias
lunardelli
lupercio
lupionopolis
lutecia
luz
luzerna
luziania
luzilandia
luzinopolis
macae
macaiba
macajuba
macambara
macambira
macapa
macapa (state capital)
macaparana
macarani
macatuba
macau
macaubal
macaubas
macedonia
maceio
maceio (state capital)
machacalis
machadinho
machadinho d'oeste
machado
machados
macieira
macuco
macurure
madalena
madeiro
madre de deus
madre de deus de minas
mae d'agua
mae do rio
maetinga
mafra
magalhaes barata
magalhaes de almeida
magda
mage
maiquinique
mairi
mairinque
mairipora
mairipotaba
major gercino
major isidoro
major porto
major sales
major vieira
malacacheta
malhada
malhada de pedras
malhada dos bois
malhador
mallet
malta
mamanguape
mambai
mambore
mamonas
mampituba
manacapuru
manaira
manaquiri
manari
manaus
manaus (state capital)
mancio lima
mandaguacu
mandaguari
mandirituba
manduri
manfrinopolis
manga
mangaratiba
mangueirinha
manhuacu
manhumirim
manicore
manoel emidio
manoel ribas
manoel urbano
manoel viana
manoel vitorino
mansidao
mantena
mantenopolis
maquine
mar de espanha
mar vermelho
mara rosa
maraa
maraba
maraba paulista
maracacume
maracai
maracaja
maracaju
maracana
maracanau
maracas
maragogi
maragogipe
maraial
maraja do sena
maranguape
maranhao
maranhaozinho
marapanim
marapoama
marata
marataizes
marau
maravilha
maravilhas
marcacao
marcelandia
marcelino ramos
marcelino vieira
marcionilio souza
marco
marcolandia
marcos parente
marechal candido rondon
marechal floriano
marechal thaumaturgo
marema
mari
maria da fe
maria helena
marialva
mariana
mariana pimentel
mariano moro
marianopolis do tocantins
mariapolis
maribondo
marica
marilac
marilandia
marilandia do sul
marilena
marilia
mariluz
maringa
marinopolis
mario campos
mariopolis
maripa
maripa de minas
marituba
marizopolis
marlieria
marmeleiro
marmelopolis
marques de souza
marquinho
martinho campos
martinopole
martinopolis
martins
martins soares
maruim
marumbi
marzagao
mascote
massape
massape do piaui
massaranduba
mata
mata de sao joao
mata grande
mata roma
mata verde
matao
mataraca
mateiros
matelandia
materlandia
mateus leme
mathias lobato
matias barbosa
matias cardoso
matias olimpio
matina
matinha
matinhas
matinhos
matipo
mato castelhano
mato grosso
mato grosso do sul
mato leitao
mato queimado
mato rico
mato verde
matoes
matoes do norte
matos costa
matozinhos
matrincha
matriz de camaragibe
matupa
matureia
matutina
maua
maua da serra
maues
maurilandia
maurilandia do tocantins
mauriti
maxaranguape
maximiliano de almeida
mazagao
medeiros
medeiros neto
medianeira
medicilandia
medina
meleiro
melgaco
mendes
mendes pimentel
mendonca
mercedes
merces
meridiano
meruoca
mesopolis
mesquita
messias
messias targino
miguel alves
miguel calmon
miguel leao
miguel pereira
miguelopolis
milagres
milagres do maranhao
milha
milton brandao
mimoso de goias
mimoso do sul
minacu
minador do negrao
minas do leao
minas gerais
minas novas
minduri
mineiros
mineiros do tiete
ministro andreazza
mira estrela
mirabela
miracatu
miracema
miracema do tocantins
mirador
miradouro
miraguai
mirai
miraima
miranda
miranda do norte
mirandiba
mirandopolis
mirangaba
miranorte
mirante
mirante da serra
mirante do paranapanema
miraselva
mirassol
mirassol d'oeste
mirassolandia
miravania
mirim doce
mirinzal
missal
missao velha
mocajuba
mococa
modelo
moeda
moema
mogeiro
mogi das cruzes
mogi guacu
moipora
moita bonita
moji-mirim
moju
mombaca
mombuca
moncao
moncoes
mondai
mongagua
monjolos
monsenhor gil
monsenhor hipolito
monsenhor paulo
monsenhor tabosa
montadas
montalvania
montanha
montanhas
montauri
monte alegre
monte alegre de goias
monte alegre de minas
monte alegre de sergipe
monte alegre do piaui
monte alegre do sul
monte alegre dos campos
monte alto
monte aprazivel
monte azul
monte azul paulista
monte belo
monte belo do sul
monte carlo
monte carmelo
monte castelo
monte das gameleiras
monte do carmo
monte formoso
monte horebe
monte mor
monte negro
monte santo
monte santo de minas
monte santo do tocantins
monte siao
monteiro
monteiro lobato
monteiropolis
montenegro
montes altos
montes claros
montes claros de goias
montezuma
montividiu
montividiu do norte
morada nova
morada nova de minas
moraujo
moreilandia
moreira sales
moreno
mormaco
morpara
morretes
morrinhos
morrinhos do sul
morro agudo
morro agudo de goias
morro cabeca no tempo
morro da fumaca
morro da garca
morro do chapeu
morro do chapeu do piaui
morro do pilar
morro grande
morro redondo
morro reuter
morros
mortugaba
morungaba
mossamedes
mossoro
mostardas
motuca
mozarlandia
muana
mucajai
mucambo
mucuge
mucum
mucuri
mucurici
muitos capoes
muliterno
mulungu
mulungu do morro
mundo novo
munhoz
munhoz de melo
muniz ferreira
muniz freire
muquem de sao francisco
muqui
muriae
muribeca
murici
murici dos portelas
muricilandia
muritiba
murutinga do sul
mutuipe
mutum
mutunopolis
muzambinho
nacip raydan
nantes
nanuque
nao-me-toque
naque
narandiba
natal
natal (state capital)
natalandia
natercia
natividade
natividade da serra
natuba
navegantes
navirai
nazare
nazare da mata
nazare do piaui
nazare paulista
nazareno
nazarezinho
nazario
neopolis
nepomuceno
neropolis
neves paulista
nhamunda
nhandeara
nicolau vergueiro
nilo pecanha
nilopolis
nina rodrigues
ninheira
nioaque
nipoa
niquelandia
nisia floresta
niteroi
nobres
nonoai
nordestina
normandia
nortelandia
nossa senhora aparecida
nossa senhora da gloria
nossa senhora das dores
nossa senhora das gracas
nossa senhora de lourdes
nossa senhora de nazare
nossa senhora do livramento
nossa senhora do socorro
nossa senhora dos remedios
nova alianca
nova alianca do ivai
nova alvorada
nova alvorada do sul
nova america
nova america da colina
nova andradina
nova araca
nova aurora
nova bandeirantes
nova bassano
nova belem
nova boa vista
nova brasilandia
nova brasilandia d'oeste
nova brescia
nova campina
nova canaa
nova canaa do norte
nova canaa paulista
nova candelaria
nova cantu
nova castilho
nova colinas
nova crixas
nova cruz
nova era
nova erechim
nova esperanca
nova esperanca do piria
nova esperanca do sudoeste
nova esperanca do sul
nova europa
nova fatima
nova floresta
nova friburgo
nova gloria
nova granada
nova guarita
nova guataporanga
nova hartz
nova ibia
nova iguacu
nova iguacu de goias
nova independencia
nova iorque
nova ipixuna
nova itaberaba
nova itarana
nova lacerda
nova laranjeiras
nova lima
nova londrina
nova luzitania
nova mamore
nova marilandia
nova maringa
nova modica
nova monte verde
nova mutum
nova nazare
nova odessa
nova olimpia
nova olinda
nova olinda do maranhao
nova olinda do norte
nova padua
nova palma
nova palmeira
nova petropolis
nova ponte
nova porteirinha
nova prata
nova prata do iguacu
nova ramada
nova redencao
nova resende
nova roma
nova roma do sul
nova rosalandia
nova russas
nova santa barbara
nova santa helena
nova santa rita
nova santa rosa
nova serrana
nova soure
nova tebas
nova timboteua
nova trento
nova ubirata
nova uniao
nova venecia
nova veneza
nova vicosa
nova xavantina
novais
novo acordo
novo airao
novo alegre
novo aripuana
novo barreiro
novo brasil
novo cabrais
novo cruzeiro
novo gama
novo hamburgo
novo horizonte
novo horizonte do norte
novo horizonte do oeste
novo horizonte do sul
novo itacolomi
novo jardim
novo lino
novo machado
novo mundo
novo oriente
novo oriente de minas
novo oriente do piaui
novo planalto
novo progresso
novo repartimento
novo santo antonio
novo sao joaquim
novo tiradentes
novo triunfo
novo xingu
novorizonte
nuporanga
obidos
ocara
ocaucu
oeiras
oeiras do para
oiapoque
olaria
oleo
olho d'agua
olho d'agua das cunhas
olho d'agua das flores
olho d'agua do casado
olho d'agua do piaui
olho d'agua grande
olho-d'agua do borges
olhos-d'agua
olimpia
olimpio noronha
olinda
olinda nova do maranhao
olindina
olivedos
oliveira
oliveira de fatima
oliveira dos brejinhos
oliveira fortes
olivenca
onca de pitangui
onda verde
oratorios
oriente
orindiuva
oriximina
orizania
orizona
orlandia
orleans
orobo
oroco
oros
ortigueira
osasco
oscar bressane
osorio
osvaldo cruz
otacilio costa
ourem
ouricangas
ouricuri
ourilandia do norte
ourinhos
ourizona
ouro
ouro branco
ouro fino
ouro preto
ouro preto do oeste
ouro velho
ouro verde
ouro verde de goias
ouro verde de minas
ouro verde do oeste
ouroeste
ourolandia
ouvidor
pacaembu
pacaja
pacajus
pacaraima
pacatuba
paco do lumiar
pacoti
pacuja
padre bernardo
padre carvalho
padre marcos
padre paraiso
paes landim
pai pedro
paial
paicandu
paim filho
paineiras
painel
pains
paiva
pajeu do piaui
palestina
palestina de goias
palestina do para
palhano
palhoca
palma
palma sola
palmacia
palmares
palmares do sul
palmares paulista
palmas
palmas (state capital)
palmas de monte alto
palmeira
palmeira d'oeste
palmeira das missoes
palmeira do piaui
palmeira dos indios
palmeirais
palmeirandia
palmeirante
palmeiras
palmeiras de goias
palmeiras do tocantins
palmeirina
palmeiropolis
palmelo
palminopolis
palmital
palmitinho
palmitos
palmopolis
palotina
panama
panambi
pancas
panelas
panorama
pantano grande
pao de acucar
papagaios
papanduva
paqueta
para
para de minas
paracambi
paracatu
paracuru
paragominas
paraguacu
paraguacu paulista
parai
paraiba
paraiba do sul
paraibano
paraibuna
paraipaba
paraiso
paraiso do norte
paraiso do sul
paraiso do tocantins
paraisopolis
parambu
paramirim
paramoti
parana
paranacity
paranagua
paranaiba
paranaiguara
paranaita
paranapanema
paranapoema
paranapua
paranatama
paranatinga
paranavai
paranhos
paraopeba
parapua
parari
paratinga
paraty
parau
parauapebas
parauna
parazinho
pardinho
pareci novo
parecis
parelhas
pariconha
parintins
paripiranga
paripueira
pariquera-acu
parisi
parnagua
parnaiba
parnamirim
parnarama
parobe
passa e fica
passa quatro
passa sete
passa tempo
passa-vinte
passabem
passagem
passagem franca
passagem franca do piaui
passira
passo de camaragibe
passo de torres
passo do sobrado
passo fundo
passos
passos maia
pastos bons
patis
pato bragado
pato branco
patos
patos de minas
patos do piaui
patrocinio
patrocinio do muriae
patrocinio paulista
patu
paty do alferes
pau brasil
pau d'arco
pau d'arco do piaui
pau dos ferros
paudalho
pauini
paula candido
paula freitas
pauliceia
paulinia
paulino neves
paulista
paulistana
paulistania
paulistas
paulo afonso
paulo bento
paulo de faria
paulo frontin
paulo jacinto
paulo lopes
paulo ramos
pavao
paverama
pavussu
pe de serra
peabiru
pecanha
pederneiras
pedra
pedra azul
pedra bela
pedra bonita
pedra branca
pedra branca do amapari
pedra do anta
pedra do indaia
pedra dourada
pedra grande
pedra lavrada
pedra mole
pedra preta
pedralva
pedranopolis
pedrao
pedras altas
pedras de fogo
pedras de maria da cruz
pedras grandes
pedregulho
pedreira
pedreiras
pedrinhas
pedrinhas paulista
pedrinopolis
pedro afonso
pedro alexandre
pedro avelino
pedro canario
pedro de toledo
pedro do rosario
pedro gomes
pedro ii
pedro laurentino
pedro leopoldo
pedro osorio
pedro regis
pedro teixeira
pedro velho
peixe
peixe-boi
peixoto de azevedo
pejucara
pelotas
penaforte
penalva
penapolis
pendencias
penedo
penha
pentecoste
pequeri
pequi
pequizeiro
perdigao
perdizes
perdoes
pereira barreto
pereiras
pereiro
peri mirim
periquito
peritiba
peritoro
pernambuco
perobal
perola
perola d'oeste
perolandia
peruibe
pescador
pesqueira
petrolandia
petrolina
petrolina de goias
petropolis
piacabucu
piacatu
pianco
piata
piau
piaui
picada cafe
picarra
picarras
picos
picui
piedade
piedade de caratinga
piedade de ponte nova
piedade do rio grande
piedade dos gerais
pien
pilao arcado
pilar
pilar de goias
pilar do sul
piloes
piloezinhos
pimenta
pimenta bueno
pimenteiras
pimenteiras do oeste
pindai
pindamonhangaba
pindare-mirim
pindoba
pindobacu
pindorama
pindorama do tocantins
pindoretama
pingo-d'agua
pinhais
pinhal
pinhal da serra
pinhal de sao bento
pinhal grande
pinhalao
pinhalzinho
pinhao
pinheiral
pinheirinho do vale
pinheiro
pinheiro machado
pinheiro preto
pinheiros
pintadas
pintopolis
pio ix
pio xii
piquerobi
piquet carneiro
piquete
piracaia
piracanjuba
piracema
piracicaba
piracuruca
pirai
pirai do norte
pirai do sul
piraju
pirajuba
pirajui
pirambu
piranga
pirangi
pirangucu
piranguinho
piranhas
pirapemas
pirapetinga
pirapo
pirapora
pirapora do bom jesus
pirapozinho
piraquara
piraque
pirassununga
piratini
piratininga
piratuba
pirauba
pirenopolis
pires do rio
pires ferreira
piripa
piripiri
piritiba
pirpirituba
pitanga
pitangueiras
pitangui
pitimbu
pium
piuma
piumhi
placas
placido de castro
planaltina
planaltina do parana
planaltino
planalto
planalto alegre
planalto da serra
planura
platina
poa
pocao
pocao de pedras
pocinhos
poco branco
poco dantas
poco das antas
poco das trincheiras
poco de jose de moura
poco fundo
poco redondo
poco verde
pocoes
pocone
pocos de caldas
pocrane
pojuca
poloni
pombal
pombos
pomerode
pompeia
pompeu
pongai
ponta de pedras
ponta grossa
ponta pora
pontal
pontal do araguaia
pontal do parana
pontalina
pontalinda
pontao
ponte alta
ponte alta do bom jesus
ponte alta do norte
ponte alta do tocantins
ponte branca
ponte nova
ponte preta
ponte serrada
pontes e lacerda
pontes gestal
ponto belo
ponto chique
ponto dos volantes
ponto novo
populina
poranga
porangaba
porangatu
porciuncula
porecatu
portalegre
portao
porteirao
porteiras
porteirinha
portel
portelandia
porto
porto acre
porto alegre
porto alegre (state capital)
porto alegre do norte
porto alegre do piaui
porto alegre do tocantins
porto amazonas
porto barreiro
porto belo
porto calvo
porto da folha
porto de moz
porto de pedras
porto do mangue
porto dos gauchos
porto esperidiao
porto estrela
porto feliz
porto ferreira
porto firme
porto franco
porto grande
porto lucena
porto maua
porto murtinho
porto nacional
porto real
porto real do colegio
porto rico
porto rico do maranhao
porto seguro
porto uniao
porto velho
porto velho (state capital)
porto vera cruz
porto vitoria
porto walter
porto xavier
posse
pote
potengi
potim
potiragua
potirendaba
potiretama
pouso alegre
pouso alto
pouso novo
pouso redondo
poxoreo
pracinha
pracuuba
prado
prado ferreira
pradopolis
prados
praia grande
praia norte
prainha
pranchita
prata
prata do piaui
pratania
pratapolis
pratinha
presidente alves
presidente bernardes
presidente castelo branco
presidente dutra
presidente epitacio
presidente figueiredo
presidente getulio
presidente janio quadros
presidente juscelino
presidente kennedy
presidente kubitschek
presidente lucena
presidente medici
presidente nereu
presidente olegario
presidente prudente
presidente sarney
presidente tancredo neves
presidente vargas
presidente venceslau
primavera
primavera de rondonia
primavera do leste
primeira cruz
primeiro de maio
princesa
princesa isabel
professor jamil
progresso
promissao
propria
protasio alves
prudente de morais
prudentopolis
pugmil
pureza
putinga
puxinana
quadra
quarai
quartel geral
quarto centenario
quata
quatigua
quatipuru
quatis
quatro barras
quatro irmaos
quatro pontes
quebrangulo
quedas do iguacu
queimada nova
queimadas
queimados
queiroz
queluz
queluzito
querencia
querencia do norte
quevedos
quijingue
quilombo
quinta do sol
quintana
quinze de novembro
quipapa
quirinopolis
quissama
quitandinha
quiterianopolis
quixaba
quixabeira
quixada
quixelo
quixeramobim
quixere
rafael fernandes
rafael godeiro
rafael jambeiro
rafard
ramilandia
rancharia
rancho alegre
rancho alegre d'oeste
rancho queimado
raposa
raposos
raul soares
realeza
reboucas
recife
recife (state capital)
recreio
recursolandia
redencao
redencao da serra
redencao do gurgueia
redentora
reduto
regeneracao
regente feijo
reginopolis
registro
relvado
remanso
remigio
renascenca
reriutaba
resende
resende costa
reserva
reserva do cabacal
reserva do iguacu
resplendor
ressaquinha
restinga
restinga seca
retirolandia
riachao
riachao das neves
riachao do bacamarte
riachao do dantas
riachao do jacuipe
riachao do poco
riachinho
riacho da cruz
riacho das almas
riacho de santana
riacho de santo antonio
riacho dos cavalos
riacho dos machados
riacho frio
riachuelo
rialma
rianapolis
ribamar fiquene
ribas do rio pardo
ribeira
ribeira do amparo
ribeira do piaui
ribeira do pombal
ribeirao
ribeirao bonito
ribeirao branco
ribeirao cascalheira
ribeirao claro
ribeirao corrente
ribeirao das neves
ribeirao do largo
ribeirao do pinhal
ribeirao do sul
ribeirao dos indios
ribeirao grande
ribeirao pires
ribeirao preto
ribeirao vermelho
ribeiraozinho
ribeiro goncalves
ribeiropolis
rifaina
rincao
rinopolis
rio acima
rio azul
rio bananal
rio bom
rio bonito
rio bonito do iguacu
rio branco
rio branco (state capital)
rio branco do ivai
rio branco do sul
rio brilhante
rio casca
rio claro
rio crespo
rio da conceicao
rio das antas
rio das flores
rio das ostras
rio das pedras
rio de contas
rio de janeiro
rio de janeiro (state capital)
rio do antonio
rio do campo
rio do fogo
rio do oeste
rio do pires
rio do prado
rio do sul
rio doce
rio dos bois
rio dos cedros
rio dos indios
rio espera
rio formoso
rio fortuna
rio grande
rio grande da serra
rio grande do norte
rio grande do piaui
rio grande do sul
rio largo
rio manso
rio maria
rio negrinho
rio negro
rio novo
rio novo do sul
rio paranaiba
rio pardo
rio pardo de minas
rio piracicaba
rio pomba
rio preto
rio preto da eva
rio quente
rio real
rio rufino
rio sono
rio tinto
rio verde
rio verde de mato grosso
rio vermelho
riolandia
riozinho
riqueza
ritapolis
riversul
roca sales
rochedo
rochedo de minas
rodeio
rodeio bonito
rodeiro
rodelas
rodolfo fernandes
rodrigues alves
rolador
rolandia
rolante
rolim de moura
romaria
romelandia
roncador
ronda alta
rondinha
rondolandia
rondon
rondon do para
rondonia
rondonopolis
roque gonzales
roraima
rorainopolis
rosana
rosario
rosario da limeira
rosario do catete
rosario do ivai
rosario do sul
rosario oeste
roseira
roteiro
rubelita
rubiacea
rubiataba
rubim
rubineia
ruropolis
russas
ruy barbosa
sabara
sabaudia
sabino
sabinopolis
saboeiro
sacramento
sagrada familia
sagres
saire
saldanha marinho
sales
sales oliveira
salesopolis
salete
salgadinho
salgado
salgado de sao felix
salgado filho
salgueiro
salinas
salinas da margarida
salinopolis
salitre
salmourao
saloa
saltinho
salto
salto da divisa
salto de pirapora
salto do ceu
salto do itarare
salto do jacui
salto do lontra
salto grande
salto veloso
salvador
salvador (state capital)
salvador das missoes
salvador do sul
salvaterra
sambaiba
sampaio
sananduva
sanclerlandia
sandolandia
sandovalina
sangao
sanharo
santa adelia
santa albertina
santa amelia
santa barbara
santa barbara d'oeste
santa barbara de goias
santa barbara do leste
santa barbara do monte verde
santa barbara do para
santa barbara do sul
santa barbara do tugurio
santa branca
santa brigida
santa carmem
santa catarina
santa cecilia
santa cecilia do pavao
santa cecilia do sul
santa clara d'oeste
santa clara do sul
santa cruz
santa cruz cabralia
santa cruz da baixa verde
santa cruz da conceicao
santa cruz da esperanca
santa cruz da vitoria
santa cruz das palmeiras
santa cruz de goias
santa cruz de minas
santa cruz de salinas
santa cruz do arari
santa cruz do capibaribe
santa cruz do escalvado
santa cruz do monte castelo
santa cruz do piaui
santa cruz do rio pardo
santa cruz do sul
santa cruz do xingu
santa cruz dos milagres
santa efigenia de minas
santa ernestina
santa fe
santa fe de goias
santa fe de minas
santa fe do araguaia
santa fe do sul
santa filomena
santa filomena do maranhao
santa gertrudes
santa helena
santa helena de goias
santa helena de minas
santa ines
santa isabel
santa isabel do ivai
santa isabel do para
santa isabel do rio negro
santa izabel do oeste
santa juliana
santa leopoldina
santa lucia
santa luz
santa luzia
santa luzia d'oeste
santa luzia do itanhy
santa luzia do norte
santa luzia do para
santa luzia do parua
santa margarida
santa margarida do sul
santa maria
santa maria da boa vista
santa maria da serra
santa maria da vitoria
santa maria das barreiras
santa maria de itabira
santa maria do cambuca
santa maria do herval
santa maria do jetiba
santa maria do oeste
santa maria do para
santa maria do salto
santa maria do suacui
santa maria do tocantins
santa maria madalena
santa mariana
santa mercedes
santa monica
santa quiteria
santa quiteria do maranhao
santa rita
santa rita d'oeste
santa rita de caldas
santa rita de cassia
santa rita de ibitipoca
santa rita de jacutinga
santa rita de minas
santa rita do araguaia
santa rita do itueto
santa rita do novo destino
santa rita do pardo
santa rita do passa quatro
santa rita do sapucai
santa rita do tocantins
santa rita do trivelato
santa rosa
santa rosa da serra
santa rosa de goias
santa rosa de lima
santa rosa de viterbo
santa rosa do piaui
santa rosa do purus
santa rosa do sul
santa rosa do tocantins
santa salete
santa teresa
santa teresinha
santa tereza
santa tereza de goias
santa tereza do oeste
santa tereza do tocantins
santa terezinha
santa terezinha de goias
santa terezinha de itaipu
santa terezinha do progresso
santa terezinha do tocantins
santa vitoria
santa vitoria do palmar
santaluz
santana
santana da boa vista
santana da ponte pensa
santana da vargem
santana de cataguases
santana de mangueira
santana de parnaiba
santana de pirapama
santana do acarau
santana do araguaia
santana do cariri
santana do deserto
santana do garambeu
santana do ipanema
santana do itarare
santana do jacare
santana do livramento
santana do manhuacu
santana do maranhao
santana do matos
santana do mundau
santana do paraiso
santana do piaui
santana do riacho
santana do sao francisco
santana do serido
santana dos garrotes
santana dos montes
santanopolis
santarem
santarem novo
santiago
santiago do sul
santo afonso
santo amaro
santo amaro da imperatriz
santo amaro das brotas
santo amaro do maranhao
santo anastacio
santo andre
santo angelo
santo antonio
santo antonio da alegria
santo antonio da barra
santo antonio da patrulha
santo antonio da platina
santo antonio das missoes
santo antonio de goias
santo antonio de jesus
santo antonio de lisboa
santo antonio de padua
santo antonio de posse
santo antonio do amparo
santo antonio do aracangua
santo antonio do aventureiro
santo antonio do caiua
santo antonio do descoberto
santo antonio do grama
santo antonio do ica
santo antonio do itambe
santo antonio do jacinto
santo antonio do jardim
santo antonio do leste
santo antonio do leverger
santo antonio do monte
santo antonio do palma
santo antonio do paraiso
santo antonio do pinhal
santo antonio do planalto
santo antonio do retiro
santo antonio do rio abaixo
santo antonio do sudoeste
santo antonio do taua
santo antonio dos lopes
santo antonio dos milagres
santo augusto
santo cristo
santo estevao
santo expedito
santo expedito do sul
santo hipolito
santo inacio
santo inacio do piaui
santopolis do aguapei
santos
santos dumont
sao benedito
sao benedito do rio preto
sao benedito do sul
sao bentinho
sao bento
sao bento abade
sao bento do norte
sao bento do sapucai
sao bento do sul
sao bento do tocantins
sao bento do trairi
sao bento do una
sao bernardino
sao bernardo
sao bernardo do campo
sao bonifacio
sao borja
sao bras
sao bras do suacui
sao braz do piaui
sao caetano de odivelas
sao caetano do sul
sao caitano
sao carlos
sao carlos do ivai
sao cristovao
sao cristovao do sul
sao desiderio
sao domingos
sao domingos das dores
sao domingos do araguaia
sao domingos do azeitao
sao domingos do capim
sao domingos do cariri
sao domingos do maranhao
sao domingos do norte
sao domingos do prata
sao domingos do sul
sao felipe
sao felipe d'oeste
sao felix
sao felix de balsas
sao felix de minas
sao felix do araguaia
sao felix do coribe
sao felix do piaui
sao felix do tocantins
sao felix do xingu
sao fernando
sao fidelis
sao francisco
sao francisco de assis
sao francisco de assis do piaui
sao francisco de goias
sao francisco de itabapoana
sao francisco de paula
sao francisco de sales
sao francisco do brejao
sao francisco do conde
sao francisco do gloria
sao francisco do guapore
sao francisco do maranhao
sao francisco do oeste
sao francisco do para
sao francisco do piaui
sao francisco do sul
sao gabriel
sao gabriel da cachoeira
sao gabriel da palha
sao gabriel do oeste
sao geraldo
sao geraldo da piedade
sao geraldo do araguaia
sao geraldo do baixio
sao goncalo
sao goncalo do abaete
sao goncalo do amarante
sao goncalo do gurgueia
sao goncalo do para
sao goncalo do piaui
sao goncalo do rio abaixo
sao goncalo do rio preto
sao goncalo do sapucai
sao goncalo dos campos
sao gotardo
sao jeronimo
sao jeronimo da serra
sao joao
sao joao batista
sao joao batista do gloria
sao joao d'alianca
sao joao da baliza
sao joao da barra
sao joao da boa vista
sao joao da canabrava
sao joao da fronteira
sao joao da lagoa
sao joao da mata
sao joao da parauna
sao joao da ponta
sao joao da ponte
sao joao da serra
sao joao da urtiga
sao joao da varjota
sao joao das duas pontes
sao joao das missoes
sao joao de iracema
sao joao de meriti
sao joao de pirabas
sao joao del rei
sao joao do araguaia
sao joao do arraial
sao joao do caiua
sao joao do cariri
sao joao do caru
sao joao do itaperiu
sao joao do ivai
sao joao do jaguaribe
sao joao do manhuacu
sao joao do manteninha
sao joao do oeste
sao joao do oriente
sao joao do pacui
sao joao do paraiso
sao joao do pau d'alho
sao joao do piaui
sao joao do polesine
sao joao do rio do peixe
sao joao do sabugi
sao joao do soter
sao joao do sul
sao joao do tigre
sao joao do triunfo
sao joao dos patos
sao joao evangelista
sao joao nepomuceno
sao joaquim
sao joaquim da barra
sao joaquim de bicas
sao joaquim do monte
sao jorge
sao jorge d'oeste
sao jorge do ivai
sao jorge do patrocinio
sao jose
sao jose da barra
sao jose da bela vista
sao jose da boa vista
sao jose da coroa grande
sao jose da lagoa tapada
sao jose da laje
sao jose da lapa
sao jose da safira
sao jose da tapera
sao jose da varginha
sao jose da vitoria
sao jose das missoes
sao jose das palmeiras
sao jose de caiana
sao jose de espinharas
sao jose de mipibu
sao jose de piranhas
sao jose de princesa
sao jose de ribamar
sao jose de uba
sao jose do alegre
sao jose do barreiro
sao jose do belmonte
sao jose do bonfim
sao jose do brejo do cruz
sao jose do calcado
sao jose do campestre
sao jose do cedro
sao jose do cerrito
sao jose do divino
sao jose do egito
sao jose do goiabal
sao jose do herval
sao jose do hortencio
sao jose do inhacora
sao jose do jacuipe
sao jose do jacuri
sao jose do mantimento
sao jose do norte
sao jose do ouro
sao jose do peixe
sao jose do piaui
sao jose do povo
sao jose do rio claro
sao jose do rio pardo
sao jose do rio preto
sao jose do sabugi
sao jose do serido
sao jose do sul
sao jose do vale do rio preto
sao jose do xingu
sao jose dos ausentes
sao jose dos basilios
sao jose dos campos
sao jose dos cordeiros
sao jose dos pinhais
sao jose dos quatro marcos
sao jose dos ramos
sao juliao
sao leopoldo
sao lourenco
sao lourenco da mata
sao lourenco da serra
sao lourenco do oeste
sao lourenco do piaui
sao lourenco do sul
sao ludgero
sao luis
sao luis (state capital)
sao luis de montes belos
sao luis do curu
sao luis do paraitinga
sao luis do piaui
sao luis do quitunde
sao luis gonzaga do maranhao
sao luiz
sao luiz do norte
sao luiz gonzaga
sao mamede
sao manoel do parana
sao manuel
sao marcos
sao martinho
sao martinho da serra
sao mateus
sao mateus do maranhao
sao mateus do sul
sao miguel
sao miguel arcanjo
sao miguel da baixa grande
sao miguel da boa vista
sao miguel das matas
sao miguel das missoes
sao miguel de taipu
sao miguel do aleixo
sao miguel do anta
sao miguel do araguaia
sao miguel do fidalgo
sao miguel do gostoso
sao miguel do guama
sao miguel do guapore
sao miguel do iguacu
sao miguel do oeste
sao miguel do passa quatro
sao miguel do tapuio
sao miguel do tocantins
sao miguel dos campos
sao miguel dos milagres
sao nicolau
sao patricio
sao paulo
sao paulo (state capital)
sao paulo das missoes
sao paulo de olivenca
sao paulo do potengi
sao pedro
sao pedro da agua branca
sao pedro da aldeia
sao pedro da cipa
sao pedro da serra
sao pedro da uniao
sao pedro das missoes
sao pedro de alcantara
sao pedro do butia
sao pedro do iguacu
sao pedro do ivai
sao pedro do parana
sao pedro do piaui
sao pedro do suacui
sao pedro do sul
sao pedro do turvo
sao pedro dos crentes
sao pedro dos ferros
sao rafael
sao raimundo das mangabeiras
sao raimundo do doca bezerra
sao raimundo nonato
sao roberto
sao romao
sao roque
sao roque de minas
sao roque do canaa
sao salvador do tocantins
sao sebastiao
sao sebastiao da amoreira
sao sebastiao da bela vista
sao sebastiao da boa vista
sao sebastiao da grama
sao sebastiao da vargem alegre
sao sebastiao de lagoa de roca
sao sebastiao do alto
sao sebastiao do anta
sao sebastiao do cai
sao sebastiao do maranhao
sao sebastiao do oeste
sao sebastiao do paraiso
sao sebastiao do passe
sao sebastiao do rio preto
sao sebastiao do rio verde
sao sebastiao do tocantins
sao sebastiao do uatuma
sao sebastiao do umbuzeiro
sao sepe
sao simao
sao thome das letras
sao tiago
sao tomas de aquino
sao tome
sao valentim
sao valentim do sul
sao valerio da natividade
sao valerio do sul
sao vendelino
sao vicente
sao vicente de minas
sao vicente do sul
sao vicente ferrer
sape
sapeacu
sapezal
sapiranga
sapopema
sapucai-mirim
sapucaia
sapucaia do sul
saquarema
sarandi
sarapui
sardoa
sarutaia
sarzedo
satiro dias
satuba
satubinha
saubara
saudade do iguacu
saudades
saude
schroeder
seabra
seara
sebastianopolis do sul
sebastiao barros
sebastiao laranjeiras
sebastiao leal
seberi
sede nova
segredo
selbach
selviria
sem-peixe
sena madureira
senador alexandre costa
senador amaral
senador canedo
senador cortes
senador eloi de souza
senador firmino
senador georgino avelino
senador guiomard
senador jose bento
senador jose porfirio
senador la rocque
senador modestino goncalves
senador pompeu
senador rui palmeira
senador sa
senador salgado filho
senges
senhor do bonfim
senhora de oliveira
senhora do porto
senhora dos remedios
sentinela do sul
sento se
serafina correa
sergipe
sericita
serido
seringueiras
serio
seritinga
seropedica
serra
serra alta
serra azul
serra azul de minas
serra branca
serra da raiz
serra da saudade
serra de sao bento
serra do mel
serra do navio
serra do ramalho
serra do salitre
serra dos aimores
serra dourada
serra grande
serra negra
serra negra do norte
serra nova dourada
serra preta
serra redonda
serra talhada
serrana
serrania
serrano do maranhao
serranopolis
serranopolis de minas
serranopolis do iguacu
serranos
serraria
serrinha
serrinha dos pintos
serrita
serro
serrolandia
sertaneja
sertania
sertanopolis
sertao
sertao santana
sertaozinho
sete barras
sete de setembro
sete lagoas
sete quedas
setubinha
severiano de almeida
severiano melo
severinia
sideropolis
sidrolandia
sigefredo pacheco
silva jardim
silvania
silvanopolis
silveira martins
silveirania
silveiras
silves
silvianopolis
simao dias
simao pereira
simoes
simoes filho
simolandia
simonesia
simplicio mendes
sinimbu
sinop
siqueira campos
sirinhaem
siriri
sitio d'abadia
sitio do mato
sitio do quinto
sitio novo
sitio novo do tocantins
sobradinho
sobrado
sobral
sobralia
socorro
socorro do piaui
solanea
soledade
soledade de minas
solidao
solonopole
sombrio
sonora
sooretama
sorocaba
sorriso
sossego
soure
sousa
souto soares
sucupira
sucupira do norte
sucupira do riachao
sud mennucci
sul brasil
sulina
sumare
sume
sumidouro
surubim
sussuapara
suzanapolis
suzano
tabai
tabapora
tabapua
tabatinga
tabira
taboao da serra
tabocas do brejo velho
taboleiro grande
tabuleiro
tabuleiro do norte
tacaimbo
tacaratu
taciba
tacuru
taguai
taguatinga
taiacu
tailandia
taio
taiobeiras
taipas do tocantins
taipu
taiuva
talisma
tamandare
tamarana
tambau
tamboara
tamboril
tamboril do piaui
tanabi
tangara
tangara da serra
tangua
tanhacu
tanque d'arca
tanque do piaui
tanque novo
tanquinho
taparuba
tapaua
tapejara
tapera
taperoa
tapes
tapira
tapirai
tapiramuta
tapiratiba
tapurah
taquara
taquaracu de minas
taquaral
taquaral de goias
taquarana
taquari
taquaritinga
taquaritinga do norte
taquarituba
taquarivai
taquarucu do sul
taquarussu
tarabai
tarauaca
tarrafas
tartarugalzinho
taruma
tarumirim
tasso fragoso
tatui
taua
taubate
tavares
tefe
teixeira
teixeira de freitas
teixeira soares
teixeiras
teixeiropolis
tejucuoca
tejupa
telemaco borba
telha
tenente ananias
tenente laurentino cruz
tenente portela
tenorio
teodoro sampaio
teofilandia
teofilo otoni
teolandia
teotonio vilela
terenos
teresina
teresina (state capital)
teresina de goias
teresopolis
terezinha
terezopolis de goias
terra alta
terra boa
terra de areia
terra nova
terra nova do norte
terra rica
terra roxa
terra santa
tesouro
teutonia
theobroma
tiangua
tibagi
tibau
tibau do sul
tiete
tigrinhos
tijucas
tijucas do sul
timbauba
timbauba dos batistas
timbe do sul
timbiras
timbo
timbo grande
timburi
timon
timoteo
tio hugo
tiradentes
tiradentes do sul
tiros
tobias barreto
tocantinia
tocantinopolis
tocantins
tocos do moji
toledo
tomar do geru
tomazina
tombos
tome-acu
tonantins
toritama
torixoreu
toropi
torre de pedra
torres
torrinha
touros
trabiju
tracuateua
tracunhaem
traipu
trairao
trairi
trajano de morais
tramandai
travesseiro
tremedal
tremembe
tres arroios
tres barras
tres barras do parana
tres cachoeiras
tres coracoes
tres coroas
tres de maio
tres forquilhas
tres fronteiras
tres lagoas
tres marias
tres palmeiras
tres passos
tres pontas
tres ranchos
tres rios
treviso
treze de maio
treze tilias
trindade
trindade do sul
triunfo
triunfo potiguar
trizidela do vale
trombas
trombudo central
tubarao
tucano
tucuma
tucunduva
tucurui
tufilandia
tuiuti
tumiritinga
tunapolis
tunas
tunas do parana
tuneiras do oeste
tuntum
tupa
tupaciguara
tupanatinga
tupanci do sul
tupancireta
tupandi
tuparendi
tuparetama
tupassi
tupi paulista
tupirama
tupiratins
turiacu
turilandia
turiuba
turmalina
turucu
tururu
turvania
turvelandia
turvo
turvolandia
tutoia
uarini
uaua
uba
ubai
ubaira
ubaitaba
ubajara
ubaporanga
ubarana
ubata
ubatuba
uberaba
uberlandia
ubirajara
ubirata
ubiretama
uchoa
uibai
uiramuta
uirapuru
uirauna
ulianopolis
umari
umarizal
umbauba
umburanas
umburatiba
umbuzeiro
umirim
umuarama
una
unai
uniao
uniao da serra
uniao da vitoria
uniao de minas
uniao do oeste
uniao do sul
uniao dos palmares
uniao paulista
uniflor
unistalda
upanema
urai
urandi
urania
urbano santos
uru
uruacu
uruana
uruana de minas
uruara
urubici
uruburetama
urucania
urucara
urucuca
urucui
urucuia
urucurituba
uruguaiana
uruoca
urupa
urupema
urupes
urussanga
urutai
utinga
vacaria
vale de sao domingos
vale do anari
vale do paraiso
vale do sol
vale real
vale verde
valenca
valenca do piaui
valente
valentim gentil
valinhos
valparaiso
valparaiso de goias
vanini
vargeao
vargem
vargem alegre
vargem alta
vargem bonita
vargem grande
vargem grande do rio pardo
vargem grande do sul
vargem grande paulista
varginha
varjao
varjao de minas
varjota
varre-sai
varzea
varzea alegre
varzea branca
varzea da palma
varzea da roca
varzea do poco
varzea grande
varzea nova
varzea paulista
varzedo
varzelandia
vassouras
vazante
venancio aires
venda nova do imigrante
venha-ver
ventania
venturosa
vera
vera cruz
vera cruz do oeste
vera mendes
veranopolis
verdejante
verdelandia
vere
vereda
veredinha
verissimo
vermelho novo
vertentes
vertentes do lerio
vespasiano
vespasiano correa
viadutos
viamao
viana
vianopolis
vicencia
vicente dutra
vicentina
vicentinopolis
vicosa
vicosa do ceara
victor graeff
vidal ramos
videira
vieiras
vieiropolis
vigia
vila bela da santissima trindade
vila boa
vila flor
vila flores
vila langaro
vila maria
vila nova do piaui
vila nova do sul
vila nova dos martirios
vila pavao
vila propicio
vila rica
vila valerio
vila velha
vilhena
vinhedo
viradouro
virgem da lapa
virginia
virginopolis
virgolandia
virmond
visconde do rio branco
viseu
vista alegre
vista alegre do alto
vista alegre do prata
vista gaucha
vista serrana
vitor meireles
vitoria
vitoria (state capital)
vitoria brasil
vitoria da conquista
vitoria das missoes
vitoria de santo antao
vitoria do jari
vitoria do mearim
vitoria do xingu
vitorino
vitorino freire
volta grande
volta redonda
votorantim
votuporanga
wagner
wall ferraz
wanderlandia
wanderley
wenceslau braz
wenceslau guimaraes
westfalia
witmarsum
xambioa
xambre
xangri-la
xanxere
xapuri
xavantina
xaxim
xexeu
xinguara
xique-xique
zabele
zacarias
ze doca
zortea
